-- MariaDB dump 10.18  Distrib 10.5.7-MariaDB, for debian-linux-gnu (x86_64)
--
-- Host: localhost    Database: tormenta
-- ------------------------------------------------------
-- Server version	10.5.7-MariaDB-1:10.5.7+maria~focal

/*!40101 SET @OLD_CHARACTER_SET_CLIENT=@@CHARACTER_SET_CLIENT */;
/*!40101 SET @OLD_CHARACTER_SET_RESULTS=@@CHARACTER_SET_RESULTS */;
/*!40101 SET @OLD_COLLATION_CONNECTION=@@COLLATION_CONNECTION */;
/*!40101 SET NAMES utf8mb4 */;
/*!40103 SET @OLD_TIME_ZONE=@@TIME_ZONE */;
/*!40103 SET TIME_ZONE='+00:00' */;
/*!40014 SET @OLD_UNIQUE_CHECKS=@@UNIQUE_CHECKS, UNIQUE_CHECKS=0 */;
/*!40014 SET @OLD_FOREIGN_KEY_CHECKS=@@FOREIGN_KEY_CHECKS, FOREIGN_KEY_CHECKS=0 */;
/*!40101 SET @OLD_SQL_MODE=@@SQL_MODE, SQL_MODE='NO_AUTO_VALUE_ON_ZERO' */;
/*!40111 SET @OLD_SQL_NOTES=@@SQL_NOTES, SQL_NOTES=0 */;

--
-- Table structure for table `provincias_CGPJ`
--

DROP TABLE IF EXISTS `provincias_CGPJ`;
/*!40101 SET @saved_cs_client     = @@character_set_client */;
/*!40101 SET character_set_client = utf8 */;
CREATE TABLE `provincias_CGPJ` (
  `Provincia` varchar(100) NOT NULL,
  `Anio` int(11) NOT NULL,
  `Total_delitos` int(11) DEFAULT NULL,
  `Homicidios` int(11) DEFAULT NULL,
  `Aborto` int(11) DEFAULT NULL,
  `Lesiones_al_feto` int(11) DEFAULT NULL,
  `Lesiones_malos_tratos_art_153_CP` int(11) DEFAULT NULL,
  `Lesiones_malos_tratos_art_173_CP` int(11) DEFAULT NULL,
  `Lesiones_malos_tratos_art_148_ss_CP` int(11) DEFAULT NULL,
  `Contra_la_libertad` int(11) DEFAULT NULL,
  `Contra_libertad_e_indemnidad_sexuales` int(11) DEFAULT NULL,
  `Contra_el_honor` int(11) DEFAULT NULL,
  `Contra_intimidad_y_derecho_a_la_propia_imagen` int(11) DEFAULT NULL,
  `Contra_integridad_moral` int(11) DEFAULT NULL,
  `Contra_derechos_deberes_familiares` int(11) DEFAULT NULL,
  `Quebrantamientos_penas` int(11) DEFAULT NULL,
  `Quebrantamientos_medidas` int(11) DEFAULT NULL,
  `Otros_delitos` int(11) DEFAULT NULL,
  `Total_ordenes` int(11) DEFAULT NULL,
  `Victima_espaniola_mayor_de_edad` int(11) DEFAULT NULL,
  `Victima_espaniola_menor_de_edad` int(11) DEFAULT NULL,
  `Victima_extranjera_mayor_de_edad` int(11) DEFAULT NULL,
  `Victima_extranjera_menor_de_edad` int(11) DEFAULT NULL,
  `Denunciado_hombre_espaniol` int(11) DEFAULT NULL,
  `Denunciado_hombre_extranjero` int(11) DEFAULT NULL,
  `Conyuge` int(11) DEFAULT NULL,
  `Exconyuge` int(11) DEFAULT NULL,
  `Relac_afectiva` int(11) DEFAULT NULL,
  `Exrelacion_afectiva` int(11) DEFAULT NULL,
  `Total_Relacion` int(11) DEFAULT NULL,
  `Mujeres_victimas_vg` int(11) DEFAULT NULL,
  `Denuncias_recibidas` int(11) DEFAULT NULL,
  `Presentada_directamente_victima` int(11) DEFAULT NULL,
  `Presentada_directamente_familiares` int(11) DEFAULT NULL,
  `Atestado_policial_denuncia_victima` int(11) DEFAULT NULL,
  `Atestado_policial_denuncia_familiar` int(11) DEFAULT NULL,
  `Atestado_policial_intervencion_directa_policial` int(11) DEFAULT NULL,
  `Parte_lesiones` int(11) DEFAULT NULL,
  `Servicios_asistencia_terceros_general` int(11) DEFAULT NULL,
  `Renuncias_proceso` int(11) DEFAULT NULL,
  `Renuncias_espaniolas` int(11) DEFAULT NULL,
  `Renuncias_extranjeras` int(11) DEFAULT NULL,
  PRIMARY KEY (`Provincia`,`Anio`)
) ENGINE=InnoDB DEFAULT CHARSET=utf8mb4;
/*!40101 SET character_set_client = @saved_cs_client */;

--
-- Dumping data for table `provincias_CGPJ`
--

LOCK TABLES `provincias_CGPJ` WRITE;
/*!40000 ALTER TABLE `provincias_CGPJ` DISABLE KEYS */;
INSERT INTO `provincias_CGPJ` VALUES ('ÁLAVA',2015,883,1,0,0,712,6,25,41,1,NULL,NULL,2,0,89,0,6,98,59,3,34,2,63,35,34,12,28,24,98,825,826,38,5,483,5,237,30,28,71,34,37),('ÁLAVA',2016,962,1,0,0,748,4,26,39,4,2,0,2,1,127,0,8,91,54,0,37,0,57,34,24,9,20,38,91,884,884,28,2,500,12,265,34,43,12,5,7),('ÁLAVA',2017,964,1,0,0,722,4,25,49,20,3,2,1,0,92,37,8,118,75,11,32,0,73,45,29,14,30,45,118,978,935,32,4,540,9,297,36,17,24,15,9),('ÁLAVA',2018,977,2,0,0,733,13,19,33,3,9,0,4,12,96,41,12,147,87,0,60,0,88,59,28,17,45,57,147,934,940,30,3,579,4,280,33,11,50,26,24),('ÁLAVA',2019,1015,0,0,0,698,3,44,66,5,2,0,0,5,115,50,27,131,67,4,58,2,78,53,37,13,31,50,131,985,990,27,7,574,3,320,37,22,44,18,26),('ALBACETE',2015,939,0,0,0,497,104,6,126,4,NULL,NULL,114,20,18,35,15,357,205,3,147,2,227,130,112,53,86,106,357,791,797,44,106,579,39,20,8,1,124,85,39),('ALBACETE',2016,813,0,0,0,408,153,35,71,6,30,0,41,1,15,46,7,290,188,8,94,0,187,103,72,34,87,97,290,817,817,8,1,718,20,57,13,0,129,96,33),('ALBACETE',2017,939,0,0,0,451,100,19,141,7,93,12,25,4,39,48,0,253,183,5,62,3,186,67,57,47,67,82,253,811,820,7,0,699,17,74,23,0,168,112,56),('ALBACETE',2018,901,2,0,0,494,83,1,50,3,1,3,29,4,38,89,104,344,198,4,140,2,206,138,72,73,95,104,344,846,901,61,7,708,17,73,28,7,119,66,53),('ALBACETE',2019,995,0,0,0,444,171,35,52,10,69,3,52,3,22,76,58,371,245,0,126,0,199,172,79,59,107,126,371,943,969,30,0,841,22,47,18,11,97,67,30),('ALICANTE',2015,6813,8,0,0,4694,617,205,535,34,NULL,NULL,1,4,233,151,331,1842,1225,18,595,4,1275,567,446,191,574,631,1842,6101,6760,187,261,3992,45,1212,931,132,747,447,300),('ALICANTE',2016,7599,4,0,0,4697,722,204,538,38,3,24,0,6,586,489,288,1824,1248,42,528,6,1258,566,416,175,617,616,1824,6610,7496,105,14,4618,56,1644,973,86,917,522,395),('ALICANTE',2017,8621,1,0,0,5491,902,364,277,38,40,7,60,21,602,530,288,1996,1327,24,638,7,1316,680,499,182,639,676,1996,8491,8995,157,24,5672,115,1590,1229,208,957,514,443),('ALICANTE',2018,9049,2,0,1,5549,1065,366,223,25,11,2,55,18,490,695,547,2051,1310,19,718,4,1308,743,417,284,593,757,2051,8732,8846,86,37,5539,160,1507,1395,122,839,458,381),('ALICANTE',2019,9986,4,0,0,5665,1375,507,141,38,29,15,46,30,458,1164,514,2239,1466,17,754,2,1492,747,462,301,711,765,2239,9289,9446,100,25,6572,101,1234,1349,65,803,413,390),('ALMERÍA',2015,2256,1,0,0,1146,289,167,273,24,NULL,NULL,0,20,69,235,32,757,355,38,345,19,412,345,191,107,345,114,757,2068,2306,4,0,1522,33,129,580,38,189,101,88),('ALMERÍA',2016,2678,0,0,0,1464,336,4,316,4,0,2,19,20,187,261,65,986,519,26,424,17,570,416,333,223,273,157,986,2504,2675,30,0,1944,14,162,525,0,170,81,89),('ALMERÍA',2017,3169,2,0,0,1910,273,24,259,5,0,0,31,96,243,265,61,1099,499,15,567,18,584,515,211,250,262,376,1099,3246,3299,0,0,2559,47,226,460,7,112,53,59),('ALMERÍA',2018,4396,1,0,0,1814,592,23,263,43,18,7,32,19,690,818,76,1378,686,10,681,1,803,575,303,126,428,521,1378,3283,4352,199,6,2515,23,241,442,926,87,46,41),('ALMERÍA',2019,3842,1,0,0,1687,843,34,381,38,1,7,42,11,170,544,83,1616,761,16,837,2,758,858,193,115,699,609,1616,3355,3859,15,0,2739,45,238,426,396,134,65,69),('ASTURIAS',2015,2440,2,0,0,1453,266,111,273,16,NULL,NULL,15,1,73,117,113,788,591,9,187,1,624,164,212,137,227,212,788,2239,2359,37,1,1519,25,405,327,45,375,267,108),('ASTURIAS',2016,2965,1,0,0,1608,327,92,276,14,4,6,21,5,293,277,41,828,626,28,172,2,677,151,191,131,232,274,828,2706,2747,62,0,1839,24,443,321,58,466,359,107),('ASTURIAS',2017,2909,0,0,1,1388,332,112,329,23,4,5,44,5,282,317,67,822,644,9,169,0,679,143,169,131,283,239,822,2505,2711,25,2,1801,17,522,312,32,470,325,145),('ASTURIAS',2018,3388,3,0,0,1540,477,161,301,27,2,12,22,7,253,478,105,847,682,14,148,3,705,142,208,150,244,245,847,2723,3109,39,5,2011,19,540,422,73,471,387,84),('ASTURIAS',2019,3461,2,0,0,1586,552,64,293,44,17,6,33,10,383,401,70,896,681,11,200,4,721,175,239,122,290,245,896,2788,2889,20,7,1973,22,391,410,66,535,418,117),('ÁVILA',2015,285,0,0,0,245,12,0,18,1,NULL,NULL,1,0,2,3,3,111,78,0,33,0,80,31,29,12,37,33,111,283,283,4,0,241,1,22,13,2,15,12,3),('ÁVILA',2016,241,1,0,0,219,4,0,3,0,0,0,4,0,3,3,4,112,88,0,24,0,89,23,34,14,26,38,112,241,241,4,0,205,1,21,10,0,14,10,4),('ÁVILA',2017,298,0,0,0,268,2,0,7,1,16,0,0,0,0,0,4,109,89,1,19,0,88,21,34,4,33,38,109,312,300,4,1,258,2,25,10,0,11,10,1),('ÁVILA',2018,345,0,0,0,184,103,0,0,0,0,0,1,0,4,47,6,98,65,0,33,0,61,37,23,8,31,36,98,356,321,1,1,284,7,18,7,3,15,13,2),('ÁVILA',2019,444,0,0,0,251,128,0,0,0,0,0,0,0,8,45,12,132,92,0,40,0,96,36,31,10,35,56,132,416,428,0,0,407,3,5,7,6,0,0,0),('BADAJOZ',2015,1582,0,0,0,700,240,0,120,1,NULL,NULL,87,9,336,34,55,441,374,5,61,1,393,48,143,75,123,100,441,1592,1605,53,0,1015,14,63,105,355,59,54,5),('BADAJOZ',2016,1752,1,0,0,740,211,31,144,6,11,5,84,3,404,90,22,507,451,2,46,0,463,36,146,74,126,153,499,1743,1755,31,0,1012,6,167,80,459,74,64,10),('BADAJOZ',2017,1888,0,0,0,707,273,45,172,6,57,5,86,0,398,136,3,561,503,3,55,0,516,45,149,70,164,178,561,1790,1870,44,2,1078,12,193,101,440,83,70,13),('BADAJOZ',2018,1798,1,0,0,644,241,26,237,31,49,5,106,3,296,143,16,537,476,3,58,0,478,59,130,69,138,200,537,1559,1708,29,0,1010,12,179,91,387,113,92,21),('BADAJOZ',2019,1760,0,0,0,597,207,96,222,20,28,8,82,23,307,154,16,611,535,5,70,1,542,69,136,56,191,228,611,1634,1676,23,1,1048,21,279,91,213,106,79,27),('BARCELONA',2015,16951,14,1,0,10191,2201,1232,1363,178,NULL,NULL,214,90,264,487,716,3856,2401,93,1315,47,2389,1467,865,499,1130,1362,3856,13206,13457,245,22,9014,275,2424,1351,126,1566,921,645),('BARCELONA',2016,18188,14,1,0,10443,1572,1053,1597,288,87,73,212,102,764,1168,814,3662,2374,72,1188,28,2332,1330,802,432,1086,1342,3662,13858,14382,283,32,9478,388,2688,1340,173,1604,964,640),('BARCELONA',2017,18226,16,1,0,10530,1797,866,1439,262,135,102,183,86,781,1331,697,3725,2408,77,1157,83,2391,1334,802,391,1098,1434,3725,15510,16225,1334,96,9773,525,2791,1586,120,1719,1019,700),('BARCELONA',2018,18914,15,0,0,10095,2415,840,1434,387,145,230,284,74,768,1351,876,3687,2233,108,1309,37,2156,1531,800,457,1140,1290,3687,14949,16243,736,87,10517,610,2715,1478,100,1629,904,725),('BARCELONA',2019,19477,19,2,0,8422,3174,1143,2329,432,226,219,261,118,929,1259,944,3783,2214,47,1486,36,2205,1578,770,473,1223,1317,3783,14848,15203,500,30,10618,287,2095,1457,216,1711,971,740),('BURGOS',2015,635,1,0,0,276,28,29,20,3,NULL,NULL,116,0,24,11,127,195,124,2,67,3,135,60,49,14,68,64,195,614,621,18,0,396,13,165,24,5,125,83,42),('BURGOS',2016,805,2,0,0,277,68,58,157,4,51,44,61,0,38,38,7,237,166,4,67,0,165,72,63,21,81,72,237,579,763,17,0,537,13,169,25,2,158,116,42),('BURGOS',2017,935,0,0,0,278,113,70,180,1,94,83,21,5,38,39,13,242,164,5,70,3,158,84,60,9,76,97,242,842,845,43,0,545,17,206,30,4,192,118,74),('BURGOS',2018,848,1,0,0,303,63,59,36,10,192,15,4,5,26,33,101,237,163,15,52,7,167,70,43,12,83,99,237,788,793,29,2,495,37,191,33,6,200,135,65),('BURGOS',2019,978,2,1,0,241,49,88,14,3,226,14,19,14,40,81,186,271,155,5,111,0,170,101,40,33,98,100,271,875,875,12,9,645,28,141,40,0,181,121,60),('CÁCERES',2015,853,0,0,0,463,220,75,11,4,NULL,NULL,31,16,4,12,17,263,225,1,37,0,226,37,84,54,64,61,263,808,831,21,2,594,18,140,56,0,53,37,16),('CÁCERES',2016,729,0,0,0,276,266,3,41,1,0,0,21,3,14,47,57,278,255,0,23,0,257,21,70,50,77,81,278,790,878,29,1,611,6,186,45,0,26,24,2),('CÁCERES',2017,916,1,0,0,328,346,2,19,0,0,0,13,0,27,135,45,231,201,1,28,1,207,24,57,18,80,76,231,876,917,11,1,768,10,81,42,4,17,13,4),('CÁCERES',2018,768,0,0,0,291,316,4,9,2,0,1,20,0,15,93,17,297,245,3,49,0,262,35,56,34,113,94,297,739,762,29,0,653,12,31,27,10,18,10,8),('CÁCERES',2019,829,0,0,0,319,206,1,32,12,0,0,18,6,27,146,62,237,190,1,45,1,189,48,58,31,61,87,237,841,837,43,1,704,14,46,25,4,21,18,3),('CÁDIZ',2015,3780,0,0,0,2066,663,63,199,44,NULL,NULL,127,14,114,287,203,1159,997,23,137,2,1044,115,321,132,270,436,1159,3886,3917,532,2,2427,38,330,483,105,375,324,51),('CÁDIZ',2016,3931,2,0,0,1803,988,24,272,31,8,4,99,4,230,272,194,1315,1091,11,212,1,1141,174,319,182,267,547,1315,3815,3915,341,4,2445,55,545,407,118,275,231,44),('CÁDIZ',2017,4229,1,0,0,1764,1329,42,355,25,0,12,72,17,134,340,138,1622,1377,14,231,0,1441,181,406,232,344,640,1622,4227,4481,214,52,3070,51,566,412,116,267,229,38),('CÁDIZ',2018,4473,0,0,0,1889,887,108,393,19,3,26,50,8,239,559,292,1409,1208,14,184,3,1205,204,347,169,327,566,1409,4566,4436,124,4,2986,50,421,371,480,309,276,33),('CÁDIZ',2019,4764,1,0,0,1917,881,144,354,22,6,9,82,18,196,844,290,1341,1143,20,177,1,1169,172,313,160,350,518,1341,4242,4749,104,3,3309,55,372,316,590,279,258,21),('CANTABRIA',2015,1319,1,0,0,397,264,131,191,2,NULL,NULL,2,1,142,26,162,352,285,2,65,0,291,61,82,34,110,126,352,1256,1327,36,8,353,36,529,198,167,90,51,39),('CANTABRIA',2016,1683,0,0,0,496,192,148,148,1,7,4,1,4,407,116,159,336,260,1,75,0,269,67,82,52,83,119,336,1206,1507,53,6,475,28,524,122,299,146,113,33),('CANTABRIA',2017,1948,0,0,0,876,196,14,143,6,36,2,21,2,360,224,68,296,243,4,49,0,247,49,66,34,68,128,296,1717,1908,53,3,1087,48,204,126,387,127,95,32),('CANTABRIA',2018,2083,0,0,0,672,259,77,164,4,39,4,19,3,484,193,165,352,267,13,72,0,283,69,78,57,104,113,352,2038,2000,16,0,1319,50,167,118,330,98,72,26),('CANTABRIA',2019,2038,1,0,0,782,273,24,181,6,21,4,42,4,352,210,138,279,222,2,55,0,232,47,53,31,98,97,279,1965,2004,19,1,1210,43,75,281,375,112,76,36),('CASTELLÓN',2015,1455,0,1,0,970,289,18,29,5,NULL,NULL,3,2,52,67,19,386,196,32,86,72,237,149,100,37,106,143,386,1485,1525,22,0,1153,8,69,271,2,318,208,110),('CASTELLÓN',2016,1593,2,0,0,1060,126,39,72,9,5,0,2,4,147,108,19,433,240,4,189,0,275,158,84,50,134,165,433,1615,1632,5,0,1224,15,146,238,4,391,241,150),('CASTELLÓN',2017,1794,0,0,0,1041,240,27,67,4,10,0,6,1,164,219,15,468,319,3,145,1,291,177,90,55,144,179,468,1687,1878,4,5,1297,81,137,335,19,225,166,59),('CASTELLÓN',2018,1741,2,0,0,1029,276,42,100,5,6,5,5,1,121,108,41,501,298,1,202,0,292,209,84,47,144,226,501,1630,1751,6,1,1451,16,156,98,23,201,120,81),('CASTELLÓN',2019,1992,0,0,0,1053,395,41,150,8,7,0,0,1,144,167,26,552,339,6,205,2,322,230,74,39,242,197,552,1900,1903,3,0,1555,19,187,134,5,254,175,79),('CIUDAD REAL',2015,1101,1,0,0,604,166,7,4,0,NULL,NULL,30,8,132,74,75,514,385,4,122,3,396,118,133,69,142,170,514,1055,1194,33,0,858,4,113,61,125,76,55,21),('CIUDAD REAL',2016,1630,0,0,0,661,327,14,0,3,0,1,18,8,206,259,133,597,398,7,191,1,409,188,102,60,215,220,597,1467,1659,29,1,1276,20,152,74,107,71,50,21),('CIUDAD REAL',2017,1419,1,0,0,768,284,75,17,1,2,4,16,2,60,179,10,473,347,7,115,4,354,119,116,81,140,136,473,1363,1441,19,2,1221,23,58,95,23,62,44,18),('CIUDAD REAL',2018,1732,0,0,0,803,376,191,18,6,14,0,13,1,62,223,25,435,308,21,89,17,330,105,96,45,156,138,435,1615,1722,72,1,1061,159,229,200,0,104,83,21),('CIUDAD REAL',2019,1778,0,0,0,908,301,252,2,2,15,0,11,6,66,209,6,485,298,24,156,7,359,126,91,47,194,153,485,1725,1744,5,1,1190,99,116,329,4,147,121,26),('CÓRDOBA',2015,1634,0,0,0,1123,252,5,41,1,NULL,NULL,43,3,22,34,110,501,451,8,41,1,456,45,141,44,134,182,501,1631,1638,28,0,1461,5,23,118,3,70,56,14),('CÓRDOBA',2016,1496,0,0,0,922,248,39,13,0,0,8,26,0,49,113,78,446,398,15,33,0,400,46,104,60,121,161,446,1511,1511,7,0,1368,8,6,122,0,119,106,13),('CÓRDOBA',2017,1765,0,0,0,1091,263,46,36,1,0,12,52,1,47,103,113,434,377,9,48,0,401,33,105,46,107,176,434,1774,1803,9,0,1438,33,59,262,2,119,93,26),('CÓRDOBA',2018,1835,1,0,0,1095,206,21,91,4,17,8,43,30,91,122,106,406,362,4,40,0,360,46,92,52,97,165,406,1849,1826,18,0,1520,11,37,239,1,91,68,23),('CÓRDOBA',2019,1918,5,0,0,1187,253,29,72,54,1,4,57,0,79,95,82,431,392,3,36,0,395,36,71,69,111,180,431,1923,1933,22,11,1665,33,54,114,34,83,63,20),('CUENCA',2015,453,1,0,0,284,81,16,18,0,NULL,NULL,18,0,1,28,6,192,104,14,74,0,122,70,63,29,63,37,192,435,437,8,0,352,5,49,18,5,45,35,10),('CUENCA',2016,388,0,0,0,166,147,2,3,0,0,0,13,0,1,43,13,127,84,0,43,0,86,41,46,12,32,37,127,366,369,6,3,245,8,85,17,5,24,13,11),('CUENCA',2017,346,0,0,0,132,146,7,0,1,6,0,8,0,0,22,24,113,64,5,42,2,71,42,36,11,28,38,113,338,353,16,3,207,12,96,16,3,14,7,7),('CUENCA',2018,427,0,0,0,210,116,4,0,27,1,0,45,0,0,14,10,166,102,0,64,0,101,65,43,27,50,46,166,392,415,6,0,319,2,52,31,5,12,8,4),('CUENCA',2019,609,0,0,0,258,127,9,34,21,24,18,10,13,15,74,6,189,106,2,81,0,108,81,47,26,65,51,189,581,584,9,0,430,8,98,35,4,54,37,17),('ESPAÑA',2018,172511,74,1,1,92951,20043,5960,10868,1522,941,769,3288,606,11691,18265,5531,39176,26263,679,12006,228,26560,12616,7858,4668,11866,14784,39176,158593,166936,4676,471,110998,2614,25005,15251,7921,17347,11106,6241),('ESPAÑA',2019,178916,96,5,5,92409,24335,7401,11986,1698,1347,922,3585,737,11335,17873,5182,40720,26731,655,13156,178,27253,13467,7622,4511,13553,15034,40720,161378,168057,3686,405,118229,2870,22059,16108,4700,17077,10770,6307),('GIRONA',2015,2226,1,0,0,1302,227,69,151,13,NULL,NULL,30,10,63,144,216,652,413,0,239,0,428,224,205,78,180,189,652,1921,1983,6,0,1625,5,204,65,78,346,176,170),('GIRONA',2016,2290,0,0,0,1088,295,56,163,11,0,1,36,26,95,376,143,535,317,6,211,1,322,213,105,92,147,191,535,1783,2049,35,0,1451,1,447,112,3,350,194,156),('GIRONA',2017,2143,1,0,0,1227,243,61,149,22,5,4,24,9,116,164,118,495,305,1,189,0,291,204,113,58,134,190,495,2025,2131,22,1,1630,6,346,125,1,392,227,165),('GIRONA',2018,2341,3,0,0,1141,296,114,123,20,7,4,32,20,152,239,190,461,292,3,166,0,292,169,102,53,136,170,461,2033,2161,11,2,1733,6,263,137,9,321,179,142),('GIRONA',2019,2846,1,0,0,1330,406,150,132,56,7,2,5,19,224,272,242,548,318,0,229,1,310,238,139,44,168,197,548,2296,2596,2,0,1973,3,433,179,6,376,199,177),('GRANADA',2015,3174,2,0,0,1712,137,214,281,6,NULL,NULL,17,74,135,59,537,801,631,6,158,6,636,165,275,116,219,191,801,3191,3486,49,9,2897,33,81,387,30,75,52,23),('GRANADA',2016,3480,2,0,0,1751,174,189,279,11,21,1,16,62,320,116,538,1028,835,14,176,3,856,172,295,129,315,289,1028,3827,3883,59,8,3259,29,65,407,56,153,104,49),('GRANADA',2017,3571,2,0,0,1876,258,170,212,10,57,5,23,39,320,131,468,1024,820,12,186,6,860,164,225,146,295,358,1024,3703,4082,87,5,3352,49,88,426,75,81,57,24),('GRANADA',2018,3497,4,0,0,2125,298,93,157,3,2,7,8,11,241,118,430,1046,889,5,148,4,878,168,215,107,355,369,1046,3332,3528,64,6,2996,40,126,270,26,108,89,19),('GRANADA',2019,3710,3,0,0,2111,390,158,260,13,0,4,13,6,371,127,254,887,720,7,160,0,745,142,150,87,337,313,887,3716,3783,14,7,3287,50,156,229,40,89,64,25),('GUADALAJARA',2015,597,0,0,0,328,112,72,27,1,NULL,NULL,2,1,13,17,24,266,171,1,92,2,183,83,85,18,94,69,266,669,669,51,0,503,6,35,74,0,156,98,58),('GUADALAJARA',2016,644,1,0,0,460,20,15,5,0,0,0,2,0,35,55,51,227,176,0,51,0,174,53,83,21,48,75,227,667,667,178,0,409,0,18,55,7,95,50,45),('GUADALAJARA',2017,572,0,0,0,485,19,0,12,0,0,0,1,0,11,44,0,242,169,1,72,0,192,50,39,37,89,77,242,553,558,141,0,383,0,12,7,15,50,15,35),('GUADALAJARA',2018,768,0,0,0,547,38,16,44,1,8,2,8,0,4,100,0,224,152,0,72,0,154,70,53,27,85,59,224,760,770,2,0,723,1,31,11,2,55,33,22),('GUADALAJARA',2019,939,0,0,0,542,124,3,0,1,0,0,0,0,36,178,55,292,208,2,82,0,194,98,71,34,95,92,292,912,948,16,1,682,16,94,94,45,84,51,33),('GUIPUZCOA',2015,1463,0,0,0,712,52,128,287,12,NULL,NULL,25,0,70,59,118,298,199,4,93,2,184,114,90,36,70,102,298,1140,1140,89,11,587,11,328,63,51,173,101,72),('GUIPUZCOA',2016,1659,0,0,0,688,24,167,264,27,4,13,41,1,198,135,97,291,180,4,105,2,180,111,68,29,78,116,291,1302,1307,109,11,591,19,446,50,81,75,52,23),('GUIPUZCOA',2017,1725,2,0,0,723,37,180,273,14,0,0,67,0,267,54,108,281,194,8,78,1,179,102,62,24,69,126,281,1315,1331,117,12,651,25,403,57,66,63,36,27),('GUIPUZCOA',2018,1883,1,0,0,750,59,218,283,27,0,1,53,18,218,162,93,285,172,3,106,4,180,105,67,35,79,104,285,1430,1452,135,19,685,22,432,67,92,86,55,31),('GUIPUZCOA',2019,1809,1,0,1,862,43,216,261,27,23,1,3,2,285,26,58,212,127,3,82,0,115,97,55,34,58,65,212,1693,1696,133,8,903,46,439,109,58,74,38,36),('HUELVA',2015,1774,0,0,0,958,280,6,281,98,NULL,NULL,3,0,41,92,15,515,409,10,96,0,421,94,107,36,184,188,515,1616,1616,66,7,1094,22,198,229,0,183,109,74),('HUELVA',2016,2059,2,0,0,1079,308,1,305,5,8,20,2,7,94,180,48,496,392,2,102,0,392,104,117,53,150,176,496,1904,1932,20,15,1018,41,523,235,80,187,162,25),('HUELVA',2017,2081,0,0,0,1113,220,88,159,14,0,13,27,20,151,159,117,525,393,1,131,0,334,191,132,25,174,194,525,2345,2394,118,30,1310,29,408,307,192,107,86,21),('HUELVA',2018,2149,1,0,0,1163,270,108,214,29,18,0,16,19,200,54,57,745,542,18,182,3,558,187,182,104,196,263,745,2240,2216,34,1,1735,6,113,254,73,72,53,19),('HUELVA',2019,2356,1,1,0,1015,705,147,52,33,5,10,2,12,191,64,118,555,361,3,190,1,362,193,105,70,217,163,555,2217,2327,19,4,1831,12,83,308,70,12,10,2),('HUESCA',2015,301,0,0,0,177,32,12,37,8,NULL,NULL,2,0,5,8,20,155,90,0,65,0,80,75,54,12,52,37,155,294,303,7,0,247,7,19,22,1,9,3,6),('HUESCA',2016,306,0,0,0,143,72,7,20,0,6,1,2,0,15,18,22,160,107,1,48,4,114,46,43,29,50,38,160,287,287,16,1,192,8,26,35,9,25,12,13),('HUESCA',2017,391,0,0,0,204,100,10,31,2,0,0,7,0,10,20,7,169,123,6,40,0,125,44,46,27,46,50,169,398,402,20,0,266,19,22,53,22,47,29,18),('HUESCA',2018,441,1,0,0,249,95,7,45,0,0,0,2,0,23,17,2,150,85,4,61,0,85,65,38,20,41,51,150,422,441,10,2,329,9,27,35,29,51,39,12),('HUESCA',2019,430,1,0,0,232,68,10,9,14,9,0,16,0,24,36,11,225,138,7,79,1,139,86,60,32,79,54,225,371,414,7,12,309,11,27,12,36,49,24,25),('ISLAS BALEARES',2015,4734,2,0,0,3198,492,176,362,28,NULL,NULL,105,1,126,207,37,666,419,11,233,3,394,272,104,107,150,305,666,4576,4658,236,7,2853,54,384,1118,6,427,264,163),('ISLAS BALEARES',2016,5897,5,0,0,3603,524,155,535,37,26,11,192,10,291,409,99,755,492,21,242,0,504,251,113,122,204,316,755,5193,5268,282,6,3506,97,411,927,39,271,161,110),('ISLAS BALEARES',2017,5817,0,0,0,3603,492,181,553,39,92,7,70,5,330,351,94,906,553,16,332,5,588,318,161,173,239,333,906,5368,5412,242,5,3492,128,555,952,38,446,289,157),('ISLAS BALEARES',2018,5788,1,0,0,3457,539,160,509,59,35,13,42,6,514,411,42,982,550,44,379,9,584,398,189,151,261,381,982,5825,5352,179,3,3678,69,623,715,85,667,425,242),('ISLAS BALEARES',2019,7140,4,0,0,3939,535,301,549,84,32,53,335,26,726,482,74,1268,691,49,512,16,751,517,227,166,338,537,1268,6315,6493,254,15,4525,127,844,651,77,544,332,212),('JAÉN',2015,1488,0,0,0,755,263,50,19,12,NULL,NULL,59,23,50,126,131,631,477,4,149,1,515,116,178,129,193,131,631,1476,1482,52,0,1112,18,104,187,9,152,116,36),('JAÉN',2016,1488,0,0,0,710,278,115,40,7,10,8,45,4,70,148,53,685,555,7,123,0,581,104,217,109,198,161,685,1687,1698,30,4,1314,21,82,167,80,156,126,30),('JAÉN',2017,1739,1,0,0,633,446,46,90,8,12,20,39,17,134,192,101,551,484,10,57,0,486,65,175,108,143,125,551,1945,2000,47,2,1427,36,187,280,21,118,99,19),('JAÉN',2018,2095,2,0,0,647,630,28,121,12,16,4,23,23,271,261,57,504,438,18,48,0,445,59,144,115,94,151,504,1971,2031,30,4,1476,32,325,112,52,113,102,11),('JAÉN',2019,2143,3,0,0,638,504,34,180,21,8,30,74,37,253,341,20,405,359,13,32,1,377,28,92,80,99,134,405,1952,2074,39,1,1518,43,313,105,55,116,109,7),('LA CORUÑA',2015,2153,1,0,0,1184,351,194,284,5,NULL,NULL,18,2,11,58,45,498,435,5,58,0,454,44,141,52,103,202,498,1788,1925,100,1,1358,60,115,289,2,101,86,15),('LA CORUÑA',2016,2260,3,0,0,1058,419,160,283,6,9,7,50,6,70,131,58,614,531,9,74,0,551,63,150,84,164,216,614,1696,2193,38,5,1728,50,124,243,5,101,92,9),('LA CORUÑA',2017,2439,4,0,0,1183,520,69,224,8,7,17,23,7,67,227,83,721,634,25,62,0,638,83,173,70,219,259,721,2066,2442,56,4,1749,246,168,193,26,107,94,13),('LA CORUÑA',2018,2927,2,0,0,1396,415,90,313,20,12,0,166,6,90,294,123,767,630,6,130,1,666,101,202,69,215,281,767,2206,2652,51,0,2040,99,117,326,19,115,98,17),('LA CORUÑA',2019,3350,4,0,0,1488,325,178,377,22,6,10,331,47,80,404,78,782,657,12,111,2,686,96,158,72,224,328,782,2355,2788,38,0,2187,49,235,239,40,100,88,12),('LA RIOJA',2015,592,0,0,0,292,90,26,108,1,NULL,NULL,31,5,16,20,3,258,142,0,114,2,157,101,69,18,84,87,258,615,616,21,5,425,11,128,20,6,83,44,39),('LA RIOJA',2016,689,0,0,0,351,72,10,110,0,15,1,13,6,54,54,3,305,169,0,131,5,189,116,67,18,99,121,305,443,690,24,6,480,13,151,14,2,111,54,57),('LA RIOJA',2017,669,0,0,0,359,90,10,66,12,26,0,0,4,50,50,2,243,149,0,93,1,144,99,52,17,73,101,243,718,727,10,0,597,16,87,15,2,86,49,37),('LA RIOJA',2018,850,0,0,0,395,78,136,86,7,2,7,1,3,43,64,28,307,207,2,97,1,212,95,65,30,91,121,307,834,839,0,0,720,5,100,14,0,104,60,44),('LA RIOJA',2019,837,0,0,0,379,18,189,62,7,5,3,4,4,94,58,14,228,139,0,89,0,152,76,65,17,64,82,228,808,822,0,0,732,0,52,25,13,92,53,39),('LAS PALMAS',2015,3560,2,0,0,1735,487,305,510,41,NULL,NULL,89,6,222,43,120,1117,858,5,253,1,868,249,192,144,354,427,1117,3860,3994,153,472,1937,46,688,625,73,535,338,197),('LAS PALMAS',2016,4612,2,0,0,2107,370,189,1001,31,55,19,115,4,388,130,201,1053,873,5,170,5,890,163,144,69,357,483,1053,4736,4803,38,6,2908,109,552,1087,103,547,383,164),('LAS PALMAS',2017,4664,1,0,0,2120,541,271,755,41,60,44,154,9,415,168,85,880,702,10,168,0,725,155,111,43,233,493,880,4991,4966,29,5,3032,98,599,1045,158,550,347,203),('LAS PALMAS',2018,4476,1,0,0,2155,493,190,506,32,37,43,154,17,560,241,47,786,657,3,126,0,679,107,89,28,285,384,786,4737,4573,20,1,2891,77,463,890,231,434,331,103),('LAS PALMAS',2019,5326,4,0,0,2788,705,114,602,47,53,18,104,26,460,216,189,937,733,2,202,0,786,151,133,74,278,452,937,5405,5433,76,0,3371,78,515,1219,174,638,452,186),('LEÓN',2015,1028,0,0,0,678,138,5,141,2,NULL,NULL,21,0,17,25,1,203,156,0,47,0,160,43,50,18,64,71,203,951,984,36,0,370,1,487,79,11,8,5,3),('LEÓN',2016,1006,1,0,1,591,61,23,139,0,5,0,18,1,47,111,8,220,165,1,54,0,177,43,51,34,51,84,220,1006,1010,26,0,754,1,175,39,15,92,73,19),('LEÓN',2017,1009,0,0,0,526,209,4,78,0,4,1,6,2,47,120,12,327,255,0,72,0,253,74,64,58,92,113,327,1028,1024,56,1,798,16,73,69,11,149,113,36),('LEÓN',2018,994,3,0,0,518,190,7,116,2,5,0,2,9,49,88,5,262,198,1,63,0,221,41,57,46,80,79,262,1027,1002,33,2,794,10,123,29,11,155,106,49),('LEÓN',2019,927,0,0,0,429,220,12,101,6,3,2,0,0,48,103,3,223,174,4,45,0,185,38,33,13,89,88,223,935,938,19,0,730,24,99,45,21,96,78,18),('LÉRIDA',2015,1129,1,0,0,472,51,26,96,13,NULL,NULL,292,0,66,36,76,294,154,25,109,6,183,111,71,48,67,108,294,899,904,14,2,666,6,176,35,5,153,85,68),('LÉRIDA',2016,1250,0,0,0,578,86,84,63,6,1,9,178,0,111,104,30,305,152,25,118,10,161,144,66,45,69,125,305,1020,1048,14,2,826,65,102,36,3,132,74,58),('LÉRIDA',2017,1154,0,0,0,679,44,65,142,4,3,3,20,5,61,103,25,301,183,14,86,18,179,122,56,57,56,132,301,1158,1244,89,0,913,24,137,68,13,119,83,36),('LÉRIDA',2018,1473,0,0,0,824,101,62,155,7,17,6,22,2,104,131,42,296,175,3,116,2,163,133,49,52,51,144,296,1304,1529,3,1,1312,18,133,60,2,128,74,54),('LÉRIDA',2019,1655,0,0,0,978,239,41,124,14,1,7,5,5,111,106,24,278,151,5,121,1,148,130,62,44,80,92,278,1465,1528,19,8,1193,21,259,25,3,160,93,67),('LUGO',2015,527,0,0,0,338,89,33,33,1,NULL,NULL,13,0,0,19,1,219,177,1,41,0,180,39,52,23,82,62,219,529,535,34,0,412,4,35,45,5,36,28,8),('LUGO',2016,690,1,0,0,429,161,31,11,1,0,0,9,1,2,32,12,216,165,3,44,4,171,45,37,31,63,85,216,671,691,7,0,509,32,74,66,3,57,49,8),('LUGO',2017,696,1,0,0,300,172,50,44,1,0,0,8,0,1,119,0,216,167,1,47,1,175,41,33,39,83,61,216,661,729,29,1,466,116,74,37,6,53,38,15),('LUGO',2018,694,0,0,0,372,71,19,72,0,3,0,16,1,33,96,11,196,143,3,42,8,156,40,53,24,69,50,196,714,709,22,0,559,14,42,58,14,60,43,17),('LUGO',2019,767,1,0,0,448,69,12,86,0,0,0,14,0,7,129,1,247,188,5,52,2,204,43,58,23,85,81,247,754,753,2,0,659,7,33,40,12,73,46,27),('MADRID',2015,18678,7,0,0,13123,836,604,1808,92,NULL,NULL,180,32,279,622,1095,5107,3096,34,1960,17,3110,1997,1176,518,1606,1807,5107,17165,18527,679,199,12698,197,3313,1198,243,2763,1490,1273),('MADRID',2016,22073,10,1,0,14817,940,770,1940,90,17,20,120,26,797,2064,461,5331,3133,79,2112,7,3106,2225,973,599,1661,2098,5331,19715,21535,631,59,14410,155,4463,1092,725,2988,1703,1285),('MADRID',2017,25824,11,0,0,16053,1188,1097,2108,136,4,43,158,22,1071,2805,1128,5739,3281,56,2390,12,3316,2423,1016,610,1881,2232,5739,25251,26959,832,84,17816,431,5472,1292,1032,2946,1583,1363),('MADRID',2018,26978,8,0,0,16434,1284,591,2127,175,11,46,305,55,1379,3751,812,5818,3172,66,2567,13,3063,2755,1069,519,2014,2216,5818,25491,26965,562,138,18143,231,5396,1185,1310,3607,2023,1584),('MADRID',2019,27236,8,0,2,16086,1819,782,2046,115,39,117,435,43,1251,3735,758,5873,3236,50,2563,24,3217,2656,974,526,2223,2150,5873,24964,26166,451,73,18437,669,4519,1580,437,3465,1943,1522),('MÁLAGA',2015,6305,4,0,0,4237,812,194,56,40,NULL,NULL,543,13,77,253,76,1641,1135,61,445,0,1176,465,402,246,447,546,1641,6286,6468,296,28,3787,99,1100,1099,59,1050,726,324),('MÁLAGA',2016,7007,4,0,0,4147,1064,281,122,28,0,8,434,22,301,522,74,1577,1073,29,475,0,1128,449,366,248,458,505,1577,6545,7133,381,61,3516,39,1487,1354,295,1115,733,382),('MÁLAGA',2017,7537,2,0,0,4047,857,90,219,33,0,3,527,9,276,1372,102,1549,960,23,566,0,1021,528,422,225,393,509,1549,8427,8238,300,39,4014,42,2020,1135,688,1009,650,359),('MÁLAGA',2018,8838,2,0,0,4734,1034,101,299,38,12,72,757,7,162,1495,125,1422,969,26,426,1,966,456,284,240,384,514,1422,8791,8427,335,7,4274,255,1843,815,898,927,651,276),('MÁLAGA',2019,9208,6,0,0,5184,1474,121,162,171,53,88,651,1,203,1021,73,1506,1012,23,470,1,1021,485,227,186,548,545,1506,8382,8518,211,20,5256,282,1604,706,439,945,608,337),('MURCIA',2015,4871,1,0,0,3096,526,99,565,7,NULL,NULL,68,13,189,97,210,1465,971,17,474,3,950,515,401,121,534,409,1465,4854,5034,72,8,3390,140,687,701,36,557,362,195),('MURCIA',2016,6456,1,0,0,3474,856,300,755,10,16,26,16,19,563,262,158,1751,1032,116,582,21,1071,680,456,132,681,482,1751,5915,6302,19,26,4444,56,862,844,51,688,431,257),('MURCIA',2017,7709,4,0,0,3437,1079,281,678,8,0,0,57,16,753,1281,115,1555,1059,23,471,2,1047,508,337,125,587,506,1555,6443,7839,150,0,4427,90,840,842,1490,648,371,277),('MURCIA',2018,8472,1,0,0,4287,571,279,395,156,10,22,58,33,1269,1292,99,1648,1039,20,567,22,1034,614,339,154,608,547,1648,6345,8250,2,17,4919,76,895,408,1933,585,375,210),('MURCIA',2019,6741,2,0,0,4161,542,299,353,29,18,34,31,12,683,466,111,1589,941,37,605,6,935,654,277,198,538,576,1589,6364,6426,19,20,4694,186,671,655,181,421,243,178),('NAVARRA',2015,1160,0,0,0,689,104,163,93,15,NULL,NULL,12,10,21,41,12,291,184,2,104,1,166,125,52,23,110,106,291,1173,1191,41,7,888,7,76,137,35,192,86,106),('NAVARRA',2016,1464,0,0,0,853,63,144,87,14,0,1,10,3,54,207,28,359,224,2,132,1,203,156,59,19,128,153,359,1494,1502,33,1,1212,5,103,126,22,140,83,57),('NAVARRA',2017,1791,2,0,0,1016,108,175,121,20,0,7,17,15,82,212,16,365,224,1,140,0,228,137,38,18,145,164,365,1803,1836,13,1,1373,13,225,169,42,194,94,100),('NAVARRA',2018,1884,3,0,0,862,199,217,158,23,8,5,20,11,71,268,39,368,214,3,149,2,202,166,48,19,138,163,368,1828,1887,10,7,1328,13,265,228,36,164,77,87),('NAVARRA',2019,1965,2,0,0,952,221,257,108,15,7,2,0,5,77,295,24,393,213,6,174,0,220,173,54,16,153,170,393,1919,1957,17,14,1335,7,270,270,44,83,47,36),('OURENSE',2015,504,1,0,0,393,56,0,31,0,NULL,NULL,6,0,6,11,0,250,183,3,64,0,200,50,43,37,69,101,250,498,505,23,0,432,1,37,12,0,32,25,7),('OURENSE',2016,579,0,0,0,351,114,2,9,3,3,0,4,2,30,40,21,362,271,17,67,5,300,60,88,97,73,102,360,587,589,19,1,481,1,67,20,0,67,48,19),('OURENSE',2017,728,1,0,0,362,110,38,6,1,11,9,1,3,63,121,2,422,318,0,104,0,345,77,86,86,88,162,422,776,747,61,1,547,20,98,17,3,120,88,32),('OURENSE',2018,814,0,0,0,378,115,17,5,4,8,8,1,0,79,199,0,533,409,0,124,0,428,105,145,108,115,165,533,826,806,48,0,570,10,100,49,29,117,91,26),('OURENSE',2019,685,0,0,0,235,154,36,4,1,4,2,7,46,98,97,1,363,261,0,102,0,289,74,63,93,106,101,363,660,664,38,15,482,5,87,22,15,78,58,20),('PALENCIA',2015,204,0,0,0,127,67,2,0,0,NULL,NULL,0,0,0,8,0,66,49,1,16,0,56,10,26,10,11,19,66,143,204,0,0,111,1,90,2,0,11,9,2),('PALENCIA',2016,257,0,0,0,205,28,0,0,0,0,0,0,0,3,17,4,113,94,0,19,0,100,13,34,8,27,44,113,154,256,0,0,191,5,53,7,0,0,0,0),('PALENCIA',2017,289,0,0,0,251,10,1,8,0,0,0,0,0,2,5,12,66,56,1,9,0,61,5,18,7,15,26,66,326,404,0,0,55,2,343,1,3,7,5,2),('PALENCIA',2018,278,0,0,0,198,62,0,0,0,0,0,0,0,1,17,0,70,45,0,25,0,42,28,6,7,28,29,70,302,307,0,0,140,12,155,0,0,1,1,0),('PALENCIA',2019,338,0,0,0,201,76,2,0,0,0,0,0,0,0,59,0,80,58,0,22,0,60,20,17,5,27,31,80,323,323,2,0,304,0,17,0,0,3,2,1),('PONTEVEDRA',2015,2204,3,0,0,1438,314,99,59,19,NULL,NULL,83,4,59,66,60,597,507,1,89,0,502,95,128,102,211,156,597,2196,2245,242,0,1463,19,27,417,77,117,93,24),('PONTEVEDRA',2016,2154,1,0,0,832,854,66,84,9,26,3,92,0,96,89,2,501,441,1,59,0,473,28,95,56,129,221,501,2150,2210,354,2,1585,21,76,98,74,89,79,10),('PONTEVEDRA',2017,2508,0,0,0,1263,556,194,100,11,19,3,27,9,96,182,48,569,459,13,97,0,491,78,111,99,170,189,569,2498,2518,146,12,1713,274,67,248,58,122,101,21),('PONTEVEDRA',2018,2350,1,0,0,1444,433,50,93,6,11,0,35,2,91,175,9,525,409,3,113,0,442,83,119,113,125,168,525,2437,2370,207,8,1725,39,189,183,19,86,74,12),('PONTEVEDRA',2019,2627,7,0,0,1298,615,121,157,28,66,19,18,1,148,107,42,630,519,1,110,0,538,92,127,113,180,210,630,2228,2346,132,1,1838,58,133,166,18,115,82,33),('SALAMANCA',2015,283,0,0,0,202,22,0,18,1,NULL,NULL,2,0,4,24,10,96,77,0,19,0,76,20,22,7,27,40,96,284,284,20,0,223,2,23,15,1,28,19,9),('SALAMANCA',2016,376,1,0,0,269,0,0,27,0,0,4,11,0,7,57,0,127,99,0,28,0,106,21,35,13,39,40,127,299,313,10,0,271,1,17,14,0,68,54,14),('SALAMANCA',2017,431,0,0,0,291,9,3,23,2,5,0,1,0,49,45,3,149,127,0,22,0,121,28,32,8,44,65,149,609,666,3,0,627,0,22,13,1,47,34,13),('SALAMANCA',2018,596,0,0,0,455,11,0,34,1,4,0,3,0,12,73,3,136,97,0,39,0,114,22,30,18,29,59,136,550,655,6,0,566,2,43,38,0,44,31,13),('SALAMANCA',2019,537,0,0,0,460,6,0,15,0,3,0,1,0,6,46,0,137,113,1,23,0,112,25,52,10,35,40,137,447,508,0,0,443,0,56,9,0,25,16,9),('SANTA CRUZ DE TENERIFE',2015,3712,4,0,0,2303,633,46,197,4,NULL,NULL,104,0,58,232,131,1124,883,32,204,5,900,224,207,89,267,561,1124,3655,3764,196,7,2842,18,324,274,103,246,176,70),('SANTA CRUZ DE TENERIFE',2016,3995,3,0,0,2513,403,95,216,35,0,1,70,0,158,280,221,1291,987,8,296,0,998,293,165,133,356,637,1291,3871,3959,105,9,3055,16,429,287,58,278,220,58),('SANTA CRUZ DE TENERIFE',2017,3806,4,0,0,2197,467,146,122,3,0,9,194,24,179,302,159,1245,928,10,307,0,930,315,181,121,321,622,1245,3884,4037,202,10,2756,25,793,237,14,263,202,61),('SANTA CRUZ DE TENERIFE',2018,3748,1,0,0,1944,548,336,165,23,62,57,125,4,214,197,72,1413,897,27,448,41,912,501,171,122,406,714,1413,3729,3769,153,9,2625,69,643,262,8,433,262,171),('SANTA CRUZ DE TENERIFE',2019,4432,6,0,0,2599,485,405,97,60,15,2,171,0,366,156,70,1530,1008,45,459,18,1053,477,290,125,481,634,1530,4368,4353,191,19,3295,33,558,243,14,765,499,266),('SEGOVIA',2015,224,0,0,0,144,21,21,38,0,NULL,NULL,0,0,0,0,0,72,41,0,31,0,42,30,23,6,25,18,72,224,224,20,0,143,50,11,0,0,11,7,4),('SEGOVIA',2016,259,0,0,0,44,150,12,19,0,0,0,0,0,12,22,0,65,40,0,22,3,40,25,11,4,33,17,65,259,259,20,0,193,0,42,4,0,14,9,5),('SEGOVIA',2017,302,0,0,0,248,30,0,22,0,0,0,0,0,0,2,0,64,31,0,33,0,37,27,12,7,21,24,64,320,330,56,0,157,7,89,21,0,14,7,7),('SEGOVIA',2018,352,0,0,0,173,167,0,10,0,0,0,0,0,0,1,1,58,29,8,21,0,36,22,15,5,23,15,58,327,352,5,0,189,0,144,12,2,5,4,1),('SEGOVIA',2019,411,0,0,0,286,108,1,0,0,0,0,0,0,12,2,2,71,34,0,37,0,37,34,11,4,28,28,71,422,421,0,0,372,5,43,0,1,4,3,1),('SEVILLA',2015,7371,4,0,0,4923,844,93,799,39,NULL,NULL,44,17,140,346,122,2021,1790,19,211,1,1832,189,444,233,529,815,2021,6514,7111,515,39,5062,10,480,979,26,835,702,133),('SEVILLA',2016,7900,3,0,0,4769,747,171,1235,19,4,21,23,39,254,501,114,1914,1701,19,194,0,1733,181,448,254,452,760,1914,6582,7250,428,19,5058,10,716,950,69,811,689,122),('SEVILLA',2017,8630,4,0,0,4754,1211,246,1123,24,44,16,90,83,346,615,74,1934,1735,30,167,2,1766,168,382,197,481,874,1934,8876,9101,458,9,6659,47,881,1031,16,812,651,161),('SEVILLA',2018,7670,2,0,0,4354,895,301,701,33,9,28,112,53,438,627,117,1853,1616,25,212,0,1624,229,333,232,495,793,1853,7558,7745,413,8,5688,30,643,951,12,850,699,151),('SEVILLA',2019,7299,2,0,0,4014,857,248,691,26,84,73,141,62,391,631,79,1739,1502,29,208,0,1538,201,307,180,463,789,1739,7416,7386,331,7,5285,95,610,984,74,955,784,171),('SORIA',2015,114,2,0,0,67,8,1,8,0,NULL,NULL,6,0,5,1,16,64,31,1,31,1,33,31,18,4,19,23,64,118,118,1,1,115,0,1,0,0,31,14,17),('SORIA',2016,135,0,0,0,60,23,0,0,0,0,0,29,0,4,16,3,69,43,1,25,0,41,28,16,9,27,17,69,108,108,0,0,100,0,7,1,0,21,10,11),('SORIA',2017,166,0,0,0,49,33,2,49,0,0,1,2,1,7,13,9,78,50,1,27,0,44,34,24,4,29,21,78,131,137,1,0,134,1,0,1,0,22,14,8),('SORIA',2018,182,0,0,0,76,12,1,32,1,3,0,32,1,7,8,9,73,54,0,19,0,51,22,11,5,29,28,73,129,137,0,0,116,0,15,5,1,35,22,13),('SORIA',2019,196,0,0,0,84,15,1,27,1,7,0,22,0,18,15,6,70,34,0,35,1,42,28,13,6,30,21,70,161,158,1,0,108,3,26,4,16,39,17,22),('TARRAGONA',2015,2225,1,0,0,1361,361,16,83,45,NULL,NULL,176,8,54,76,44,814,521,8,269,16,560,254,207,135,238,234,814,2110,2170,21,1,1632,12,197,293,14,374,251,123),('TARRAGONA',2016,2482,2,0,0,1542,170,24,103,51,4,14,87,5,124,305,51,904,507,8,388,1,539,365,163,142,346,253,904,1945,2067,26,38,1465,16,202,187,133,372,246,126),('TARRAGONA',2017,2975,2,0,0,1783,276,18,200,40,5,6,104,24,170,245,102,933,527,13,392,1,548,385,217,164,293,259,933,3177,3352,23,3,2460,9,376,382,99,364,238,126),('TARRAGONA',2018,3338,0,0,0,1790,465,121,182,47,13,10,39,22,239,261,149,808,460,41,307,0,485,323,141,117,251,299,808,2962,3165,34,48,2144,42,472,393,32,447,289,158),('TARRAGONA',2019,3320,0,0,0,1937,372,42,189,20,30,11,33,19,203,355,109,941,576,26,338,1,605,336,160,85,376,320,941,3047,3067,37,5,2269,25,341,310,80,517,348,169),('TERUEL',2015,141,0,0,0,109,20,1,8,0,NULL,NULL,0,0,0,0,3,66,31,10,25,0,47,19,18,10,21,17,66,143,143,0,0,125,1,8,7,2,21,15,6),('TERUEL',2016,191,0,0,0,114,43,1,21,0,0,0,0,0,2,3,7,71,47,0,23,1,46,25,28,8,22,13,71,186,191,0,0,169,2,11,9,0,25,15,10),('TERUEL',2017,197,0,0,0,104,59,3,5,3,2,0,1,0,7,9,4,69,43,3,22,1,39,30,15,8,31,15,69,199,200,0,0,163,14,7,10,6,22,16,6),('TERUEL',2018,228,0,0,0,109,46,1,42,0,1,0,1,0,6,6,16,58,34,0,24,0,36,22,21,5,22,10,58,229,228,0,0,201,2,14,5,6,28,15,13),('TERUEL',2019,212,1,0,0,108,46,2,38,1,1,0,0,1,6,6,2,88,53,0,35,0,52,36,41,11,24,12,88,204,204,0,2,178,7,6,7,4,25,14,11),('TOLEDO',2015,1506,0,0,0,612,609,50,130,2,NULL,NULL,4,0,23,40,36,494,407,0,87,0,389,105,167,73,131,123,494,1537,1537,93,0,1286,3,112,43,0,112,84,28),('TOLEDO',2016,1247,1,0,0,793,202,6,18,1,0,0,12,0,75,82,57,509,352,2,155,0,365,144,145,38,142,184,509,1135,1219,45,2,1054,2,83,30,3,82,58,24),('TOLEDO',2017,1857,3,0,0,1196,347,0,11,0,1,0,13,0,72,202,12,512,347,12,151,2,368,144,116,69,183,144,512,1823,1931,63,0,1579,1,221,35,32,163,108,55),('TOLEDO',2018,1899,1,0,0,1263,363,13,24,1,0,0,9,0,60,151,14,602,413,14,170,5,415,187,154,55,174,219,602,1708,1864,105,0,1499,1,195,64,0,146,90,56),('TOLEDO',2019,2081,0,0,0,1019,754,56,0,0,0,0,32,0,55,162,3,548,363,17,161,7,376,172,150,51,149,198,548,1701,1806,31,2,1578,2,131,62,0,50,37,13),('VALENCIA',2015,9172,6,0,0,6025,1144,264,675,52,NULL,NULL,102,15,250,466,173,2150,1490,26,614,20,1480,670,437,240,661,812,2150,8672,9109,471,100,4134,89,2598,1270,447,1219,748,471),('VALENCIA',2016,10692,3,0,0,6084,1078,639,523,48,35,8,176,38,655,1296,109,2360,1636,14,702,8,1562,798,397,305,649,1009,2360,9824,10303,353,19,4948,108,3031,1221,623,1447,913,534),('VALENCIA',2017,11430,4,0,0,6678,1493,348,262,43,63,17,286,10,491,1584,151,2227,1423,146,633,25,1444,783,362,292,719,854,2227,11188,11854,503,20,6736,98,2154,1761,582,1554,873,681),('VALENCIA',2018,12267,3,1,0,6617,1619,609,304,39,29,3,298,19,595,1731,400,2517,1672,90,723,32,1731,786,388,255,829,1045,2517,11530,12323,594,26,6539,136,2340,2226,462,1714,1075,639),('VALENCIA',2019,12485,3,0,0,6238,1864,756,491,107,87,20,124,28,846,1772,149,2773,1836,119,795,23,1896,877,456,263,933,1121,2773,11768,12583,463,54,7263,136,1822,2233,612,1386,855,531),('VALLADOLID',2015,1753,0,0,0,1478,170,10,1,16,NULL,NULL,10,22,32,9,5,428,276,7,145,0,306,122,78,85,115,150,428,1589,1589,100,6,1113,31,331,8,0,185,133,52),('VALLADOLID',2016,1374,0,0,0,794,190,92,49,19,0,16,28,11,128,47,0,445,319,11,115,0,310,135,63,75,126,181,445,1374,1374,138,6,851,39,294,46,0,197,121,76),('VALLADOLID',2017,1395,0,0,0,606,333,111,3,26,0,10,33,67,143,63,0,410,301,3,106,0,305,105,62,69,77,202,410,1294,1395,37,1,1136,4,198,17,2,185,129,56),('VALLADOLID',2018,1360,0,0,0,474,431,47,0,71,2,8,4,28,174,121,0,410,304,4,102,0,288,122,65,93,99,153,410,1202,1360,22,5,973,12,313,35,0,317,285,32),('VALLADOLID',2019,1445,0,0,0,675,283,25,105,8,10,21,40,30,128,111,9,423,306,7,110,0,291,132,56,74,123,170,423,1292,1323,24,9,974,13,277,26,0,156,88,68),('VIZCAYA',2015,2666,2,0,0,1694,120,58,341,28,NULL,NULL,173,4,89,139,18,423,262,7,150,4,285,138,120,69,98,136,423,2242,2266,96,6,1303,30,682,132,17,541,293,248),('VIZCAYA',2016,2889,1,0,0,1770,170,71,135,52,2,29,144,4,289,222,0,387,252,1,133,1,246,141,80,85,74,148,387,2585,2573,89,2,1471,39,777,177,18,435,239,196),('VIZCAYA',2017,3011,2,1,0,2011,263,53,110,29,12,16,65,3,262,179,5,473,307,11,154,1,303,170,115,96,99,163,473,2931,2926,86,3,1983,9,673,136,36,578,333,245),('VIZCAYA',2018,3506,1,0,0,2216,370,40,122,34,54,60,37,0,365,197,10,311,187,1,122,1,194,117,69,53,62,127,311,3287,3248,80,1,2219,20,765,122,41,600,321,279),('VIZCAYA',2019,3378,0,1,0,1834,406,80,257,31,4,21,56,3,301,308,76,491,288,12,189,2,280,211,97,74,128,192,491,3035,3245,141,11,2038,16,855,90,94,588,332,256),('ZAMORA',2015,338,1,0,0,249,32,6,8,0,NULL,NULL,2,0,13,24,3,126,103,0,23,0,117,9,45,21,37,23,126,336,337,55,0,236,1,26,19,0,15,11,4),('ZAMORA',2016,300,0,0,0,215,15,16,11,3,1,0,2,2,10,19,6,135,106,3,26,0,114,21,36,34,31,34,135,309,309,25,1,240,1,25,17,0,19,14,5),('ZAMORA',2017,328,0,0,0,238,42,2,8,3,2,0,3,0,2,11,17,152,127,2,23,0,124,28,44,31,40,37,152,305,309,1,0,284,15,7,2,0,9,8,1),('ZAMORA',2018,323,0,0,0,172,63,11,14,2,0,0,19,0,5,35,2,143,113,0,30,0,114,29,15,21,33,74,143,315,314,20,2,227,13,35,14,3,19,14,5),('ZAMORA',2019,299,0,0,0,115,75,32,13,2,0,0,3,0,5,54,0,123,104,0,17,2,104,19,35,16,34,38,123,291,295,5,1,244,14,26,4,1,1,1,0),('ZARAGOZA',2015,2514,1,0,0,1709,202,172,114,3,NULL,NULL,0,0,19,36,258,612,380,1,231,0,363,249,156,52,227,177,612,2186,2189,73,0,820,36,1096,157,7,246,122,124),('ZARAGOZA',2016,2388,2,0,0,1334,711,8,47,5,1,4,3,0,76,190,7,726,445,11,269,1,463,263,163,92,210,261,726,2491,2684,17,1,2038,9,421,198,0,314,181,133),('ZARAGOZA',2017,3182,0,0,0,1889,282,56,170,8,1,6,82,27,233,357,71,547,319,19,207,2,314,233,102,62,157,226,547,3215,3258,20,0,2247,28,830,133,0,450,262,188),('ZARAGOZA',2018,3377,2,0,0,1887,294,35,65,53,35,45,156,51,349,377,28,507,310,9,183,5,305,202,110,39,176,182,507,3213,3384,5,0,2275,54,785,265,0,397,256,141),('ZARAGOZA',2019,3900,1,0,2,1729,874,59,115,23,95,65,159,40,317,414,7,701,404,7,280,10,398,303,113,100,257,231,701,2882,3626,22,0,2456,24,727,388,9,392,256,136);
/*!40000 ALTER TABLE `provincias_CGPJ` ENABLE KEYS */;
UNLOCK TABLES;

--
-- Table structure for table `provincias_poblacion_INE`
--

DROP TABLE IF EXISTS `provincias_poblacion_INE`;
/*!40101 SET @saved_cs_client     = @@character_set_client */;
/*!40101 SET character_set_client = utf8 */;
CREATE TABLE `provincias_poblacion_INE` (
  `Provincia` varchar(100) NOT NULL,
  `Anio` int(11) NOT NULL,
  `Total` int(11) DEFAULT NULL,
  `Mujeres` int(11) DEFAULT NULL,
  `Hombres` int(11) DEFAULT NULL,
  PRIMARY KEY (`Provincia`,`Anio`)
) ENGINE=InnoDB DEFAULT CHARSET=utf8mb4;
/*!40101 SET character_set_client = @saved_cs_client */;

--
-- Dumping data for table `provincias_poblacion_INE`
--

LOCK TABLES `provincias_poblacion_INE` WRITE;
/*!40000 ALTER TABLE `provincias_poblacion_INE` DISABLE KEYS */;
INSERT INTO `provincias_poblacion_INE` VALUES ('ÁLAVA',2015,323648,163354,160294),('ÁLAVA',2016,324126,163886,160240),('ÁLAVA',2017,326574,165220,161354),('ÁLAVA',2018,328868,166693,162175),('ÁLAVA',2019,331549,168050,163499),('ALBACETE',2015,394580,197566,197014),('ALBACETE',2016,392118,196277,195841),('ALBACETE',2017,390032,195289,194743),('ALBACETE',2018,388786,194628,194158),('ALBACETE',2019,388167,194256,193911),('ALICANTE',2015,1855047,934127,920920),('ALICANTE',2016,1836459,925286,911173),('ALICANTE',2017,1825332,920621,904711),('ALICANTE',2018,1838819,927722,911097),('ALICANTE',2019,1858683,937768,920915),('ALMERÍA',2015,701211,345153,356058),('ALMERÍA',2016,704297,346074,358223),('ALMERÍA',2017,706672,346996,359676),('ALMERÍA',2018,709340,348021,361319),('ALMERÍA',2019,716820,351119,365701),('ASTURIAS',2015,1051229,549054,502175),('ASTURIAS',2016,1042608,544756,497852),('ASTURIAS',2017,1034960,541049,493911),('ASTURIAS',2018,1028244,537506,490738),('ASTURIAS',2019,1022800,534663,488137),('ÁVILA',2015,164925,82045,82880),('ÁVILA',2016,162514,80884,81630),('ÁVILA',2017,160700,80026,80674),('ÁVILA',2018,158498,78960,79538),('ÁVILA',2019,157640,78569,79071),('BADAJOZ',2015,686730,346354,340376),('BADAJOZ',2016,684113,345159,338954),('BADAJOZ',2017,679884,343318,336566),('BADAJOZ',2018,676376,341740,334636),('BADAJOZ',2019,673559,340447,333112),('BARCELONA',2015,5523922,2827562,2696360),('BARCELONA',2016,5542680,2837909,2704771),('BARCELONA',2017,5576037,2857416,2718621),('BARCELONA',2018,5609350,2875884,2733466),('BARCELONA',2019,5664579,2901890,2762689),('BURGOS',2015,364002,181860,182142),('BURGOS',2016,360995,180577,180418),('BURGOS',2017,358171,179252,178919),('BURGOS',2018,357070,178733,178337),('BURGOS',2019,356958,178728,178230),('CÁCERES',2015,406267,204565,201702),('CÁCERES',2016,403665,203380,200285),('CÁCERES',2017,400036,201542,198494),('CÁCERES',2018,396487,199868,196619),('CÁCERES',2019,394151,198763,195388),('CÁDIZ',2015,1240284,627190,613094),('CÁDIZ',2016,1239889,627031,612858),('CÁDIZ',2017,1239435,627244,612191),('CÁDIZ',2018,1238714,627357,611357),('CÁDIZ',2019,1240155,628364,611791),('CANTABRIA',2015,585179,300391,284788),('CANTABRIA',2016,582206,299218,282988),('CANTABRIA',2017,580295,298487,281808),('CANTABRIA',2018,580229,298665,281564),('CANTABRIA',2019,581078,299277,281801),('CASTELLÓN',2015,582327,292607,289720),('CASTELLÓN',2016,579245,291443,287802),('CASTELLÓN',2017,575470,290003,285467),('CASTELLÓN',2018,576898,290539,286359),('CASTELLÓN',2019,579962,291885,288077),('CEUTA',2015,84263,41506,42757),('CEUTA',2016,84519,41673,42846),('CEUTA',2017,84959,41925,43034),('CEUTA',2018,85144,41967,43177),('CEUTA',2019,84777,41865,42912),('CIUDAD REAL',2015,513713,259142,254571),('CIUDAD REAL',2016,506888,256041,250847),('CIUDAD REAL',2017,502578,254250,248328),('CIUDAD REAL',2018,499100,252444,246656),('CIUDAD REAL',2019,495761,250884,244877),('CÓRDOBA',2015,795611,405052,390559),('CÓRDOBA',2016,791610,403140,388470),('CÓRDOBA',2017,788219,401483,386736),('CÓRDOBA',2018,785240,400155,385085),('CÓRDOBA',2019,782979,399189,383790),('CUENCA',2015,203841,101258,102583),('CUENCA',2016,201071,99974,101097),('CUENCA',2017,198718,98897,99821),('CUENCA',2018,197222,98223,98999),('CUENCA',2019,196329,97787,98542),('GIRONA',2015,753054,376118,376936),('GIRONA',2016,753576,376633,376943),('GIRONA',2017,755716,378101,377615),('GIRONA',2018,761947,381257,380690),('GIRONA',2019,771044,385746,385298),('GRANADA',2015,917297,465390,451907),('GRANADA',2016,915392,464244,451148),('GRANADA',2017,912938,463117,449821),('GRANADA',2018,912075,462757,449318),('GRANADA',2019,914678,464123,450555),('GUADALAJARA',2015,253686,124734,128952),('GUADALAJARA',2016,252882,124617,128265),('GUADALAJARA',2017,253310,124969,128341),('GUADALAJARA',2018,254308,125454,128854),('GUADALAJARA',2019,257762,127228,130534),('GUIPUZCOA',2015,716834,366035,350799),('GUIPUZCOA',2016,717832,366834,350998),('GUIPUZCOA',2017,719282,368020,351262),('GUIPUZCOA',2018,720592,368896,351696),('GUIPUZCOA',2019,723576,370213,353363),('HUELVA',2015,520017,262318,257699),('HUELVA',2016,519596,262025,257571),('HUELVA',2017,518930,261317,257613),('HUELVA',2018,519932,262219,257713),('HUELVA',2019,521870,263457,258413),('HUESCA',2015,222909,110283,112626),('HUESCA',2016,221079,109482,111597),('HUESCA',2017,219702,108848,110854),('HUESCA',2018,219345,108746,110599),('HUESCA',2019,220461,109233,111228),('ISLAS BALEARES',2015,1104479,554801,549678),('ISLAS BALEARES',2016,1107220,556538,550682),('ISLAS BALEARES',2017,1115999,561074,554925),('ISLAS BALEARES',2018,1128908,567105,561803),('ISLAS BALEARES',2019,1149460,576703,572757),('JAÉN',2015,654170,330309,323861),('JAÉN',2016,648250,327388,320862),('JAÉN',2017,643484,325054,318430),('JAÉN',2018,638099,322550,315549),('JAÉN',2019,633564,320208,313356),('LA CORUÑA',2015,1127196,585904,541292),('LA CORUÑA',2016,1122799,583921,538878),('LA CORUÑA',2017,1120294,582983,537311),('LA CORUÑA',2018,1119351,582714,536637),('LA CORUÑA',2019,1119596,583126,536470),('LA RIOJA',2015,317053,160320,156733),('LA RIOJA',2016,315794,159825,155969),('LA RIOJA',2017,315381,159873,155508),('LA RIOJA',2018,315675,159917,155758),('LA RIOJA',2019,316798,160619,156179),('LAS PALMAS',2015,1098406,549557,548849),('LAS PALMAS',2016,1097800,549872,547928),('LAS PALMAS',2017,1100480,551764,548716),('LAS PALMAS',2018,1109175,556620,552555),('LAS PALMAS',2019,1120406,562632,557774),('LEÓN',2015,479395,245731,233664),('LEÓN',2016,473604,242877,230727),('LEÓN',2017,468316,240257,228059),('LEÓN',2018,463746,238100,225646),('LEÓN',2019,460001,236257,223744),('LÉRIDA',2015,436029,215310,220719),('LÉRIDA',2016,434041,214124,219917),('LÉRIDA',2017,432384,213325,219059),('LÉRIDA',2018,432866,213357,219509),('LÉRIDA',2019,434930,214052,220878),('LUGO',2015,339386,174781,164605),('LUGO',2016,336527,173373,163154),('LUGO',2017,333634,171859,161775),('LUGO',2018,331327,170680,160647),('LUGO',2019,329587,169901,159686),('MADRID',2015,6436996,3349974,3087022),('MADRID',2016,6466996,3368365,3098631),('MADRID',2017,6507184,3391662,3115522),('MADRID',2018,6578079,3430207,3147872),('MADRID',2019,6663394,3476082,3187312),('MÁLAGA',2015,1628973,828206,800767),('MÁLAGA',2016,1629298,828668,800630),('MÁLAGA',2017,1630615,830064,800551),('MÁLAGA',2018,1641121,836263,804858),('MÁLAGA',2019,1661785,847436,814349),('MELILLA',2015,85584,41991,43593),('MELILLA',2016,86026,42258,43768),('MELILLA',2017,86120,42491,43629),('MELILLA',2018,86384,42619,43765),('MELILLA',2019,86487,42593,43894),('MURCIA',2015,1467288,731854,735434),('MURCIA',2016,1464847,731292,733555),('MURCIA',2017,1470273,734035,736238),('MURCIA',2018,1478509,738366,740143),('MURCIA',2019,1493898,746283,747615),('NAVARRA',2015,640476,322591,317885),('NAVARRA',2016,640647,322807,317840),('NAVARRA',2017,643234,324563,318671),('NAVARRA',2018,647554,327085,320469),('NAVARRA',2019,654214,330583,323631),('OURENSE',2015,318391,165348,153043),('OURENSE',2016,314853,163627,151226),('OURENSE',2017,311680,161991,149689),('OURENSE',2018,309293,160867,148426),('OURENSE',2019,307651,160129,147522),('PALENCIA',2015,166035,83803,82232),('PALENCIA',2016,164644,83035,81609),('PALENCIA',2017,163390,82447,80943),('PALENCIA',2018,162035,81712,80323),('PALENCIA',2019,160980,81172,79808),('PONTEVEDRA',2015,947374,489260,458114),('PONTEVEDRA',2016,944346,487795,456551),('PONTEVEDRA',2017,942731,487114,455617),('PONTEVEDRA',2018,941772,486873,454899),('PONTEVEDRA',2019,942665,487379,455286),('SALAMANCA',2015,339395,174016,165379),('SALAMANCA',2016,335985,172372,163613),('SALAMANCA',2017,333603,171330,162273),('SALAMANCA',2018,331473,170408,161065),('SALAMANCA',2019,330119,169755,160364),('SANTA CRUZ DE TENERIFE',2015,1001900,507546,494354),('SANTA CRUZ DE TENERIFE',2016,1004124,509214,494910),('SANTA CRUZ DE TENERIFE',2017,1007641,511244,496397),('SANTA CRUZ DE TENERIFE',2018,1018510,517033,501477),('SANTA CRUZ DE TENERIFE',2019,1032983,524786,508197),('SEGOVIA',2015,157570,78215,79355),('SEGOVIA',2016,155652,77381,78271),('SEGOVIA',2017,154184,76741,77443),('SEGOVIA',2018,153342,76363,76979),('SEGOVIA',2019,153129,76316,76813),('SEVILLA',2015,1941480,990893,950587),('SEVILLA',2016,1939775,990343,949432),('SEVILLA',2017,1939527,990710,948817),('SEVILLA',2018,1939887,991188,948699),('SEVILLA',2019,1942389,993177,949212),('SORIA',2015,91006,44929,46077),('SORIA',2016,90040,44445,45595),('SORIA',2017,88903,43917,44986),('SORIA',2018,88600,43800,44800),('SORIA',2019,88636,43822,44814),('TARRAGONA',2015,795101,397371,397730),('TARRAGONA',2016,792299,396562,395737),('TARRAGONA',2017,791693,396788,394905),('TARRAGONA',2018,795902,399241,396661),('TARRAGONA',2019,804664,403406,401258),('TERUEL',2015,138932,68327,70605),('TERUEL',2016,136977,67473,69504),('TERUEL',2017,135562,66878,68684),('TERUEL',2018,134572,66512,68060),('TERUEL',2019,134137,66210,67927),('TOLEDO',2015,693371,343818,349553),('TOLEDO',2016,688672,342000,346672),('TOLEDO',2017,686841,341313,345528),('TOLEDO',2018,687391,341859,345532),('TOLEDO',2019,694844,345754,349090),('TOTAL',2015,46624382,23733999,22890383),('TOTAL',2016,46557008,23713398,22843610),('TOTAL',2017,46572132,23739271,22832861),('TOTAL',2018,46722980,23826378,22896602),('TOTAL',2019,47026208,23983780,23042428),('VALENCIA',2015,2543315,1293150,1250165),('VALENCIA',2016,2544264,1294491,1249773),('VALENCIA',2017,2540707,1294682,1246025),('VALENCIA',2018,2547986,1299059,1248927),('VALENCIA',2019,2565124,1308774,1256350),('VALLADOLID',2015,526288,269289,256999),('VALLADOLID',2016,523679,268088,255591),('VALLADOLID',2017,521130,266984,254146),('VALLADOLID',2018,519851,266495,253356),('VALLADOLID',2019,519546,266330,253216),('VIZCAYA',2015,1148775,593943,554832),('VIZCAYA',2016,1147576,593234,554342),('VIZCAYA',2017,1148302,594013,554289),('VIZCAYA',2018,1149628,594749,554879),('VIZCAYA',2019,1152651,596439,556212),('ZAMORA',2015,183436,92548,90888),('ZAMORA',2016,180406,91085,89321),('ZAMORA',2017,177404,89596,87808),('ZAMORA',2018,174549,88230,86319),('ZAMORA',2019,172539,87198,85341),('ZARAGOZA',2015,956006,486550,469456),('ZARAGOZA',2016,950507,484402,466105),('ZARAGOZA',2017,953486,487129,466357),('ZARAGOZA',2018,954811,487972,466839),('ZARAGOZA',2019,964693,493154,471539);
/*!40000 ALTER TABLE `provincias_poblacion_INE` ENABLE KEYS */;
UNLOCK TABLES;

--
-- Table structure for table `provincias_y_comunidades`
--

DROP TABLE IF EXISTS `provincias_y_comunidades`;
/*!40101 SET @saved_cs_client     = @@character_set_client */;
/*!40101 SET character_set_client = utf8 */;
CREATE TABLE `provincias_y_comunidades` (
  `Provincia` varchar(100) NOT NULL,
  `Comunidad` varchar(100) NOT NULL,
  PRIMARY KEY (`Provincia`)
) ENGINE=InnoDB DEFAULT CHARSET=utf8mb4;
/*!40101 SET character_set_client = @saved_cs_client */;

--
-- Dumping data for table `provincias_y_comunidades`
--

LOCK TABLES `provincias_y_comunidades` WRITE;
/*!40000 ALTER TABLE `provincias_y_comunidades` DISABLE KEYS */;
INSERT INTO `provincias_y_comunidades` VALUES ('ÁLAVA','PAÍS VASCO'),('ALBACETE','CASTILLA-LA MANCHA'),('ALICANTE','COMUNIDAD VALENCIANA'),('ALMERÍA','ANDALUCÍA'),('ASTURIAS','PRINCIPADO DE ASTURIAS'),('ÁVILA','CASTILLA Y LEÓN'),('BADAJOZ','EXTREMADURA'),('BARCELONA','CATALUÑA'),('BURGOS','CASTILLA Y LEÓN'),('CÁCERES','EXTREMADURA'),('CÁDIZ','ANDALUCÍA'),('CANTABRIA','CANTABRIA'),('CASTELLÓN','COMUNIDAD VALENCIANA'),('CIUDAD REAL','CASTILLA-LA MANCHA'),('CÓRDOBA','ANDALUCÍA'),('CUENCA','CASTILLA-LA MANCHA'),('GIRONA','CATALUÑA'),('GRANADA','ANDALUCÍA'),('GUADALAJARA','CASTILLA-LA MANCHA'),('GUIPUZCOA','PAÍS VASCO'),('HUELVA','ANDALUCÍA'),('HUESCA','ARAGÓN'),('ISLAS BALEARES','ISLAS BALEARES'),('JAÉN','ANDALUCÍA'),('LA CORUÑA','GALICIA'),('LA RIOJA','LA RIOJA'),('LAS PALMAS','CANARIAS'),('LEÓN','CASTILLA Y LEÓN'),('LÉRIDA','CATALUÑA'),('LUGO','GALICIA'),('MADRID','COMUNIDAD DE MADRID'),('MÁLAGA','ANDALUCÍA'),('MURCIA','REGIÓN DE MURCIA'),('NAVARRA','NAVARRA'),('OURENSE','GALICIA'),('PALENCIA','CASTILLA Y LEÓN'),('PONTEVEDRA','GALICIA'),('SALAMANCA','CASTILLA Y LEÓN'),('SANTA CRUZ DE TENERIFE','CANARIAS'),('SEGOVIA','CASTILLA Y LEÓN'),('SEVILLA','ANDALUCÍA'),('SORIA','CASTILLA Y LEÓN'),('TARRAGONA','CATALUÑA'),('TERUEL','ARAGÓN'),('TOLEDO','CASTILLA-LA MANCHA'),('VALENCIA','COMUNIDAD VALENCIANA'),('VALLADOLID','CASTILLA Y LEÓN'),('VIZCAYA','PAÍS VASCO'),('ZAMORA','CASTILLA Y LEÓN'),('ZARAGOZA','ARAGÓN');
/*!40000 ALTER TABLE `provincias_y_comunidades` ENABLE KEYS */;
UNLOCK TABLES;
/*!40103 SET TIME_ZONE=@OLD_TIME_ZONE */;

/*!40101 SET SQL_MODE=@OLD_SQL_MODE */;
/*!40014 SET FOREIGN_KEY_CHECKS=@OLD_FOREIGN_KEY_CHECKS */;
/*!40014 SET UNIQUE_CHECKS=@OLD_UNIQUE_CHECKS */;
/*!40101 SET CHARACTER_SET_CLIENT=@OLD_CHARACTER_SET_CLIENT */;
/*!40101 SET CHARACTER_SET_RESULTS=@OLD_CHARACTER_SET_RESULTS */;
/*!40101 SET COLLATION_CONNECTION=@OLD_COLLATION_CONNECTION */;
/*!40111 SET SQL_NOTES=@OLD_SQL_NOTES */;

-- Dump completed on 2021-03-07 15:49:07
